{
  "v": "5.7.4",
  "fr": 30,
  "ip": 0,
  "op": 120,
  "w": 600,
  "h": 600,
  "nm": "Job Portal Hero Animation",
  "ddd": 0,
  "assets": [],
  "layers": [
    {
      "ddd": 0,
      "ind": 1,
      "ty": 4,
      "nm": "Background Circle",
      "sr": 1,
      "ks": {
        "o": {
          "a": 1,
          "k": [
            {
              "i": { "x": [0.833], "y": [0.833] },
              "o": { "x": [0.167], "y": [0.167] },
              "t": 0,
              "s": [20]
            },
            {
              "i": { "x": [0.833], "y": [0.833] },
              "o": { "x": [0.167], "y": [0.167] },
              "t": 60,
              "s": [40]
            },
            {
              "t": 120,
              "s": [20]
            }
          ]
        },
        "r": { "a": 0, "k": 0 },
        "p": { "a": 0, "k": [300, 300, 0] },
        "a": { "a": 0, "k": [0, 0, 0] },
        "s": {
          "a": 1,
          "k": [
            {
              "i": { "x": [0.833, 0.833, 0.833], "y": [0.833, 0.833, 0.833] },
              "o": { "x": [0.167, 0.167, 0.167], "y": [0.167, 0.167, 0.167] },
              "t": 0,
              "s": [80, 80, 100]
            },
            {
              "i": { "x": [0.833, 0.833, 0.833], "y": [0.833, 0.833, 0.833] },
              "o": { "x": [0.167, 0.167, 0.167], "y": [0.167, 0.167, 0.167] },
              "t": 60,
              "s": [100, 100, 100]
            },
            {
              "t": 120,
              "s": [80, 80, 100]
            }
          ]
        }
      },
      "ao": 0,
      "shapes": [
        {
          "ty": "gr",
          "it": [
            {
              "d": 1,
              "ty": "el",
              "s": { "a": 0, "k": [200, 200] },
              "p": { "a": 0, "k": [0, 0] },
              "nm": "Ellipse Path 1"
            },
            {
              "ty": "fl",
              "c": { "a": 0, "k": [0.2, 0.4, 0.8, 0.15] },
              "o": { "a": 0, "k": 100 },
              "r": 1,
              "bm": 0,
              "nm": "Fill 1"
            },
            {
              "ty": "tr",
              "p": { "a": 0, "k": [0, 0] },
              "a": { "a": 0, "k": [0, 0] },
              "s": { "a": 0, "k": [100, 100] },
              "r": { "a": 0, "k": 0 },
              "o": { "a": 0, "k": 100 },
              "sk": { "a": 0, "k": 0 },
              "sa": { "a": 0, "k": 0 },
              "nm": "Transform"
            }
          ],
          "nm": "Circle",
          "bm": 0
        }
      ],
      "ip": 0,
      "op": 120,
      "st": 0,
      "bm": 0
    },
    {
      "ddd": 0,
      "ind": 2,
      "ty": 4,
      "nm": "Person",
      "sr": 1,
      "ks": {
        "o": { "a": 0, "k": 100 },
        "r": {
          "a": 1,
          "k": [
            {
              "i": { "x": [0.833], "y": [0.833] },
              "o": { "x": [0.167], "y": [0.167] },
              "t": 0,
              "s": [0]
            },
            {
              "i": { "x": [0.833], "y": [0.833] },
              "o": { "x": [0.167], "y": [0.167] },
              "t": 30,
              "s": [3]
            },
            {
              "i": { "x": [0.833], "y": [0.833] },
              "o": { "x": [0.167], "y": [0.167] },
              "t": 60,
              "s": [-3]
            },
            {
              "t": 90,
              "s": [0]
            }
          ]
        },
        "p": {
          "a": 1,
          "k": [
            {
              "i": { "x": 0.833, "y": 0.833 },
              "o": { "x": 0.167, "y": 0.167 },
              "t": 0,
              "s": [300, 450, 0]
            },
            {
              "i": { "x": 0.833, "y": 0.833 },
              "o": { "x": 0.167, "y": 0.167 },
              "t": 30,
              "s": [300, 430, 0]
            },
            {
              "i": { "x": 0.833, "y": 0.833 },
              "o": { "x": 0.167, "y": 0.167 },
              "t": 60,
              "s": [300, 470, 0]
            },
            {
              "t": 90,
              "s": [300, 450, 0]
            }
          ]
        },
        "a": { "a": 0, "k": [0, 0, 0] },
        "s": { "a": 0, "k": [100, 100, 100] }
      },
      "ao": 0,
      "shapes": [
        {
          "ty": "gr",
          "it": [
            {
              "ty": "rc",
              "d": 1,
              "s": { "a": 0, "k": [60, 80] },
              "p": { "a": 0, "k": [0, 10] },
              "r": { "a": 0, "k": 8 },
              "nm": "Body"
            },
            {
              "ty": "el",
              "d": 1,
              "s": { "a": 0, "k": [50, 50] },
              "p": { "a": 0, "k": [0, -50] },
              "nm": "Head"
            },
            {
              "ty": "fl",
              "c": { "a": 0, "k": [0.2, 0.4, 0.8, 1] },
              "o": { "a": 0, "k": 100 },
              "r": 1,
              "bm": 0,
              "nm": "Fill"
            },
            {
              "ty": "tr",
              "p": { "a": 0, "k": [0, 0] },
              "a": { "a": 0, "k": [0, 0] },
              "s": { "a": 0, "k": [100, 100] },
              "r": { "a": 0, "k": 0 },
              "o": { "a": 0, "k": 100 },
              "sk": { "a": 0, "k": 0 },
              "sa": { "a": 0, "k": 0 },
              "nm": "Transform"
            }
          ],
          "nm": "Person",
          "bm": 0
        }
      ],
      "ip": 0,
      "op": 120,
      "st": 0,
      "bm": 0
    },
    {
      "ddd": 0,
      "ind": 3,
      "ty": 4,
      "nm": "Document",
      "sr": 1,
      "ks": {
        "o": {
          "a": 1,
          "k": [
            {
              "i": { "x": [0.833], "y": [0.833] },
              "o": { "x": [0.167], "y": [0.167] },
              "t": 20,
              "s": [0]
            },
            {
              "i": { "x": [0.833], "y": [0.833] },
              "o": { "x": [0.167], "y": [0.167] },
              "t": 40,
              "s": [100]
            },
            {
              "t": 100,
              "s": [100]
            },
            {
              "i": { "x": [0.833], "y": [0.833] },
              "o": { "x": [0.167], "y": [0.167] },
              "t": 120,
              "s": [0]
            }
          ]
        },
        "r": {
          "a": 1,
          "k": [
            {
              "i": { "x": [0.833], "y": [0.833] },
              "o": { "x": [0.167], "y": [0.167] },
              "t": 40,
              "s": [0]
            },
            {
              "i": { "x": [0.833], "y": [0.833] },
              "o": { "x": [0.167], "y": [0.167] },
              "t": 80,
              "s": [10]
            },
            {
              "t": 120,
              "s": [0]
            }
          ]
        },
        "p": {
          "a": 1,
          "k": [
            {
              "i": { "x": 0.833, "y": 0.833 },
              "o": { "x": 0.167, "y": 0.167 },
              "t": 0,
              "s": [450, 250, 0]
            },
            {
              "i": { "x": 0.833, "y": 0.833 },
              "o": { "x": 0.167, "y": 0.167 },
              "t": 60,
              "s": [450, 350, 0]
            },
            {
              "t": 120,
              "s": [450, 250, 0]
            }
          ]
        },
        "a": { "a": 0, "k": [0, 0, 0] },
        "s": { "a": 0, "k": [100, 100, 100] }
      },
      "ao": 0,
      "shapes": [
        {
          "ty": "gr",
          "it": [
            {
              "ty": "rc",
              "d": 1,
              "s": { "a": 0, "k": [80, 100] },
              "p": { "a": 0, "k": [0, 0] },
              "r": { "a": 0, "k": 6 },
              "nm": "Document"
            },
            {
              "ty": "fl",
              "c": { "a": 0, "k": [1, 1, 1, 0.95] },
              "o": { "a": 0, "k": 100 },
              "r": 1,
              "bm": 0,
              "nm": "Fill"
            },
            {
              "ty": "st",
              "c": { "a": 0, "k": [0.2, 0.4, 0.8, 1] },
              "o": { "a": 0, "k": 100 },
              "w": { "a": 0, "k": 2 },
              "lc": 1,
              "lj": 1,
              "ml": 4,
              "bm": 0,
              "nm": "Stroke"
            },
            {
              "ty": "tr",
              "p": { "a": 0, "k": [0, 0] },
              "a": { "a": 0, "k": [0, 0] },
              "s": { "a": 0, "k": [100, 100] },
              "r": { "a": 0, "k": 0 },
              "o": { "a": 0, "k": 100 },
              "sk": { "a": 0, "k": 0 },
              "sa": { "a": 0, "k": 0 },
              "nm": "Transform"
            }
          ],
          "nm": "Document",
          "bm": 0
        }
      ],
      "ip": 0,
      "op": 120,
      "st": 0,
      "bm": 0
    },
    {
      "ddd": 0,
      "ind": 4,
      "ty": 4,
      "nm": "Checkmark",
      "sr": 1,
      "ks": {
        "o": {
          "a": 1,
          "k": [
            {
              "i": { "x": [0.833], "y": [0.833] },
              "o": { "x": [0.167], "y": [0.167] },
              "t": 50,
              "s": [0]
            },
            {
              "i": { "x": [0.833], "y": [0.833] },
              "o": { "x": [0.167], "y": [0.167] },
              "t": 70,
              "s": [100]
            },
            {
              "t": 110,
              "s": [100]
            },
            {
              "i": { "x": [0.833], "y": [0.833] },
              "o": { "x": [0.167], "y": [0.167] },
              "t": 120,
              "s": [0]
            }
          ]
        },
        "r": { "a": 0, "k": 0 },
        "p": { "a": 0, "k": [450, 350, 0] },
        "a": { "a": 0, "k": [0, 0, 0] },
        "s": {
          "a": 1,
          "k": [
            {
              "i": { "x": [0.833, 0.833, 0.833], "y": [0.833, 0.833, 0.833] },
              "o": { "x": [0.167, 0.167, 0.167], "y": [0.167, 0.167, 0.167] },
              "t": 50,
              "s": [0, 0, 100]
            },
            {
              "i": { "x": [0.833, 0.833, 0.833], "y": [0.833, 0.833, 0.833] },
              "o": { "x": [0.167, 0.167, 0.167], "y": [0.167, 0.167, 0.167] },
              "t": 70,
              "s": [120, 120, 100]
            },
            {
              "t": 110,
              "s": [120, 120, 100]
            },
            {
              "t": 120,
              "s": [0, 0, 100]
            }
          ]
        }
      },
      "ao": 0,
      "shapes": [
        {
          "ty": "gr",
          "it": [
            {
              "ty": "sh",
              "ks": {
                "a": 0,
                "k": {
                  "i": [[0, 0], [0, 0], [0, 0]],
                  "o": [[0, 0], [0, 0], [0, 0]],
                  "v": [[-15, -5], [0, 10], [15, -5]],
                  "c": true
                }
              },
              "nm": "Checkmark Path"
            },
            {
              "ty": "st",
              "c": { "a": 0, "k": [0.2, 0.8, 0.4, 1] },
              "o": { "a": 0, "k": 100 },
              "w": { "a": 0, "k": 4 },
              "lc": 2,
              "lj": 2,
              "ml": 4,
              "bm": 0,
              "nm": "Stroke"
            },
            {
              "ty": "tr",
              "p": { "a": 0, "k": [0, 0] },
              "a": { "a": 0, "k": [0, 0] },
              "s": { "a": 0, "k": [100, 100] },
              "r": { "a": 0, "k": 0 },
              "o": { "a": 0, "k": 100 },
              "sk": { "a": 0, "k": 0 },
              "sa": { "a": 0, "k": 0 },
              "nm": "Transform"
            }
          ],
          "nm": "Checkmark",
          "bm": 0
        }
      ],
      "ip": 0,
      "op": 120,
      "st": 0,
      "bm": 0
    }
  ],
  "markers": []
}
